[
  {
    "clientType": "INDIVIDUAL",
    "firstName": "John",
    "lastName": "Peterson",
    "email": "john.peterson@email.com",
    "phone": "+1-555-1001",
    "address": "123 Main Street",
    "city": "Los Angeles",
    "state": "CA",
    "zipCode": "90001",
    "country": "USA",
    "isActive": true
  },
  {
    "clientType": "INDIVIDUAL",
    "firstName": "Mary",
    "lastName": "Thompson",
    "email": "mary.thompson@email.com",
    "phone": "+1-555-1002",
    "address": "456 Oak Avenue",
    "city": "San Francisco",
    "state": "CA",
    "zipCode": "94102",
    "country": "USA",
    "isActive": true
  },
  {
    "clientType": "INDIVIDUAL",
    "firstName": "James",
    "lastName": "Wilson",
    "email": "james.wilson@email.com",
    "phone": "+1-555-1003",
    "address": "789 Pine Road",
    "city": "San Diego",
    "state": "CA",
    "zipCode": "92101",
    "country": "USA",
    "isActive": true
  },
  {
    "clientType": "INDIVIDUAL",
    "firstName": "Linda",
    "lastName": "Garcia",
    "email": "linda.garcia@email.com",
    "phone": "+1-555-1004",
    "address": "321 Elm Street",
    "city": "Sacramento",
    "state": "CA",
    "zipCode": "95814",
    "country": "USA",
    "isActive": true
  },
  {
    "clientType": "INDIVIDUAL",
    "firstName": "William",
    "lastName": "Martinez",
    "email": "william.martinez@email.com",
    "phone": "+1-555-1005",
    "address": "654 Maple Drive",
    "city": "San Jose",
    "state": "CA",
    "zipCode": "95110",
    "country": "USA",
    "isActive": true
  },
  {
    "clientType": "INDIVIDUAL",
    "firstName": "Barbara",
    "lastName": "Rodriguez",
    "email": "barbara.rodriguez@email.com",
    "phone": "+1-555-1006",
    "address": "987 Cedar Lane",
    "city": "Fresno",
    "state": "CA",
    "zipCode": "93650",
    "country": "USA",
    "isActive": true
  },
  {
    "clientType": "INDIVIDUAL",
    "firstName": "Richard",
    "lastName": "Lee",
    "email": "richard.lee@email.com",
    "phone": "+1-555-1007",
    "address": "147 Birch Court",
    "city": "Long Beach",
    "state": "CA",
    "zipCode": "90802",
    "country": "USA",
    "isActive": true
  },
  {
    "clientType": "INDIVIDUAL",
    "firstName": "Susan",
    "lastName": "Walker",
    "email": "susan.walker@email.com",
    "phone": "+1-555-1008",
    "address": "258 Spruce Way",
    "city": "Oakland",
    "state": "CA",
    "zipCode": "94612",
    "country": "USA",
    "isActive": true
  },
  {
    "clientType": "INDIVIDUAL",
    "firstName": "Joseph",
    "lastName": "Hall",
    "email": "joseph.hall@email.com",
    "phone": "+1-555-1009",
    "address": "369 Willow Place",
    "city": "Santa Ana",
    "state": "CA",
    "zipCode": "92701",
    "country": "USA",
    "isActive": true
  },
  {
    "clientType": "INDIVIDUAL",
    "firstName": "Jessica",
    "lastName": "Allen",
    "email": "jessica.allen@email.com",
    "phone": "+1-555-1010",
    "address": "741 Ash Boulevard",
    "city": "Anaheim",
    "state": "CA",
    "zipCode": "92805",
    "country": "USA",
    "isActive": true
  },
  {
    "clientType": "CORPORATE",
    "companyName": "TechVentures Inc.",
    "email": "legal@techventures.com",
    "phone": "+1-555-2001",
    "address": "1000 Technology Drive",
    "city": "Palo Alto",
    "state": "CA",
    "zipCode": "94301",
    "country": "USA",
    "taxId": "94-1234567",
    "industry": "Technology",
    "isActive": true
  },
  {
    "clientType": "CORPORATE",
    "companyName": "Global Manufacturing Corp.",
    "email": "legal@globalmanufacturing.com",
    "phone": "+1-555-2002",
    "address": "2000 Industrial Parkway",
    "city": "San Jose",
    "state": "CA",
    "zipCode": "95131",
    "country": "USA",
    "taxId": "94-2345678",
    "industry": "Manufacturing",
    "isActive": true
  },
  {
    "clientType": "CORPORATE",
    "companyName": "Retail Solutions LLC",
    "email": "legal@retailsolutions.com",
    "phone": "+1-555-2003",
    "address": "3000 Commerce Center",
    "city": "Los Angeles",
    "state": "CA",
    "zipCode": "90012",
    "country": "USA",
    "taxId": "94-3456789",
    "industry": "Retail",
    "isActive": true
  },
  {
    "clientType": "CORPORATE",
    "companyName": "Financial Services Group",
    "email": "legal@financialservices.com",
    "phone": "+1-555-2004",
    "address": "4000 Financial Plaza",
    "city": "San Francisco",
    "state": "CA",
    "zipCode": "94104",
    "country": "USA",
    "taxId": "94-4567890",
    "industry": "Finance",
    "isActive": true
  },
  {
    "clientType": "CORPORATE",
    "companyName": "Healthcare Innovations Ltd.",
    "email": "legal@healthcareinnovations.com",
    "phone": "+1-555-2005",
    "address": "5000 Medical Center Drive",
    "city": "San Diego",
    "state": "CA",
    "zipCode": "92123",
    "country": "USA",
    "taxId": "94-5678901",
    "industry": "Healthcare",
    "isActive": true
  }
]
